Use Zoologico;

go

Insert into Animales (Idanimal,npopular,ncientifico,genero,clase,orden ,familia,alimentacion,habitat,edad,pextincion,dgeografica) values 
(200001,'Oso Blanco','Ursus maritimus','Macho','Mammalia','Carnívoro','Ursidae','Carne','Regiones árticas',21,'Si','Euroasia – norteamerica'),
(200002,'Oso Blanco','Ursus maritimus','Macho','Mammalia','Carnívoro','Ursidae','Carne','Regiones árticas',11,'Si','Euroasia – norteamerica'),
(200003,'Oso Blanco','Ursus maritimus','Hembra','Mammalia','Carnívoro','Ursidae','Carne','Regiones árticas',10,'Si','Euroasia – norteamerica'),
(200004,'Oso Blanco','Ursus maritimus','Hembra','Mammalia','Carnívoro','Ursidae','Carne','Regiones árticas',7,'Si','Euroasia – norteamerica'),
(200005,'Oso Blanco','Ursus maritimus','Hembra','Mammalia','Carnívoro','Ursidae','Carne','Regiones árticas',7,'Si','Euroasia – norteamerica'),
(200006,'Oso Blanco','Ursus maritimus','Hembra','Mammalia','Carnívoro','Ursidae','Carne','Regiones árticas',9,'Si','Euroasia – norteamerica'),
(200007,'Oso Blanco','Ursus maritimus','Macho','Mammalia','Carnívoro','Ursidae','Carne','Regiones árticas',4,'Si','Euroasia – norteamerica'),
(200008,'León','Panthera leo','Macho','Mammalia','Carnívoro','Felidae','Carne','Sabana',14,'Si','Africa'),
(200009,'León','Panthera leo','Hembra','Mammalia','Carnívoro','Felidae','Carne','Sabana',10,'Si','Africa'),
(200010,'León','Panthera leo','Macho','Mammalia','Carnívoro','Felidae','Carne','Sabana',3,'Si','Africa'),
(200011,'León','Panthera leo','Macho','Mammalia','Carnívoro','Felidae','Carne','Sabana',3,'Si','Africa'),
(200012,'León','Panthera leo','Macho','Mammalia','Carnívoro','Felidae','Carne','Sabana',7,'Si','Africa'),
(200013,'Tigre de bengala','Panthera tigris tigris','Macho','Mammalia','Carnívoro','Felidae','Carne','Bosques',20,'Si','Asia'),
(200014,'Tigre de bengala','Panthera tigris tigris','Hembra','Mammalia','Carnívoro','Felidae','Carne','Bosques',16,'Si','Asia'),
(200015,'Tigre de bengala','Panthera tigris tigris','Hembra','Mammalia','Carnívoro','Felidae','Carne','Bosques',10,'Si','Asia'),
(200016,'Tigre de bengala','Panthera tigris tigris','Macho','Mammalia','Carnívoro','Felidae','Carne','Bosques',3,'Si','Asia'),
(200017,'Chimpancé','Pan troglodytes','Macho','Mammalia','Primate','Pongidae','Omnívoro','Selvas',4,'Si','Africa'),
(200018,'Chimpancé','Pan troglodytes','Macho','Mammalia','Primate','Pongidae','Omnívoro','Selvas',5,'Si','Africa'),
(200019,'Chimpancé','Pan troglodytes','Macho','Mammalia','Primate','Pongidae','Omnívoro','Selvas',6,'Si','Africa'),
(200020,'Chimpancé','Pan troglodytes','Macho','Mammalia','Primate','Pongidae','Omnívoro','Selvas',7,'Si','Africa'),
(200021,'Chimpancé','Pan troglodytes','Macho','Mammalia','Primate','Pongidae','Omnívoro','Selvas',9,'Si','Africa'),
(200023,'Chimpancé','Pan troglodytes','Macho','Mammalia','Primate','Pongidae','Omnívoro','Selvas',23,'Si','Africa'),
(200024,'Chimpancé','Pan troglodytes','Hembra','Mammalia','Primate','Pongidae','Omnívoro','Selvas',28,'Si','Africa'),
(200025,'Chimpancé','Pan troglodytes','Hembra','Mammalia','Primate','Pongidae','Omnívoro','Selvas',8,'Si','Africa'),
(200026,'Chimpancé','Pan troglodytes','Hembra','Mammalia','Primate','Pongidae','Omnívoro','Selvas',3,'Si','Africa'),
(200027,'Chimpancé','Pan troglodytes','Hembra','Mammalia','Primate','Pongidae','Omnívoro','Selvas',20,'Si','Africa'),
(200028,'Chimpancé','Pan troglodytes','Hembra','Mammalia','Primate','Pongidae','Omnívoro','Selvas',6,'Si','Africa'),
(200029,'Chimpancé','Pan troglodytes','Hembra','Mammalia','Primate','Pongidae','Omnívoro','Selvas',10,'Si','Africa'),
(200030,'Chimpancé','Pan troglodytes','Hembra','Mammalia','Primate','Pongidae','Omnívoro','Selvas',39,'Si','Africa'),
(200031,'Chimpancé','Pan troglodytes','Hembra','Mammalia','Primate','Pongidae','Omnívoro','Selvas',23,'Si','Africa'),
(200032,'Chimpancé','Pan troglodytes','Hembra','Mammalia','Primate','Pongidae','Omnívoro','Selvas',9,'Si','Africa'),
(200033,'Chimpancé','Pan troglodytes','Hembra','Mammalia','Primate','Pongidae','Omnívoro','Selvas',29,'Si','Africa'),
(200034,'Chimpancé','Pan troglodytes','Hembra','Mammalia','Primate','Pongidae','Omnívoro','Selvas',22,'Si','Africa'),
(200035,'Chimpancé','Pan troglodytes','Hembra','Mammalia','Primate','Pongidae','Omnívoro','Selvas',24,'Si','Africa'),
(200036,'Chimpancé','Pan troglodytes','Hembra','Mammalia','Primate','Pongidae','Omnívoro','Selvas',43,'Si','Africa'),
(200037,'Elefante Africano','Loxodonta africana','Macho','Mammalia','Proboscidea','Elephantidae','Herbívoro','Bosque – Sabana',53,'Si','Africa'),
(200038,'Elefante Africano','Loxodonta africana','Macho','Mammalia','Proboscidea','Elephantidae','Herbívoro','Bosque – Sabana',38,'Si','Africa'),
(200039,'Elefante Africano','Loxodonta africana','Macho','Mammalia','Proboscidea','Elephantidae','Herbívoro','Bosque – Sabana',64,'Si','Africa'),
(200040,'Elefante Africano','Loxodonta africana','Hembra','Mammalia','Proboscidea','Elephantidae','Herbívoro','Bosque – Sabana',30,'Si','Africa'),
(200041,'Elefante Africano','Loxodonta africana','Hembra','Mammalia','Proboscidea','Elephantidae','Herbívoro','Bosque – Sabana',49,'Si','Africa'),
(200042,'Elefante Africano','Loxodonta africana','Hembra','Mammalia','Proboscidea','Elephantidae','Herbívoro','Bosque – Sabana',59,'Si','Africa'),
(200043,'Jirafa reticulada','Giraffa camelopardalis reticulata','Macho','Mammalia','Artiodactyla','Giraffidae','Herbívoro','Bosque – Sabana',17,'Si','Africa'),
(200044,'Jirafa reticulada','Giraffa camelopardalis reticulata','Macho','Mammalia','Artiodactyla','Giraffidae','Herbívoro','Bosque – Sabana',29,'Si','Africa'),
(200045,'Jirafa reticulada','Giraffa camelopardalis reticulata','Hembra','Mammalia','Artiodactyla','Giraffidae','Herbívoro','Bosque – Sabana',15,'Si','Africa'),
(200046,'Jirafa reticulada','Giraffa camelopardalis reticulata','Hembra','Mammalia','Artiodactyla','Giraffidae','Herbívoro','Bosque – Sabana',20,'Si','Africa'),
(200047,'Jirafa reticulada','Giraffa camelopardalis reticulata','Hembra','Mammalia','Artiodactyla','Giraffidae','Herbívoro','Bosque – Sabana',9,'Si','Africa'),
(200048,'Escorpión (Reptil)','Heloderma horridum horridum','Macho','Reptilia','Scuamata','Helodermatidae','Carne','Cuevas',9,'No','America del Norte'),
(200049,'Escorpión (Reptil)','Heloderma horridum horridum','Macho','Reptilia','Scuamata','Helodermatidae','Carne','Cuevas',6,'No','America del Norte'),
(200050,'Escorpión (Reptil)','Heloderma horridum horridum','Macho','Reptilia','Scuamata','Helodermatidae','Carne','Cuevas',2,'No','America del Norte'),
(200051,'Escorpión (Reptil)','Heloderma horridum horridum','Macho','Reptilia','Scuamata','Helodermatidae','Carne','Cuevas',2,'No','America del Norte'),
(200052,'Caballo','Equus caballus','Macho','Mammalia','Perissodactyla','Equidae','Herbívoro','Zonas esteparias',11,'No','Todo el mundo'),
(200053,'Caballo','Equus caballus','Macho','Mammalia','Perissodactyla','Equidae','Herbívoro','Zonas esteparias',11,'No','Todo el mundo'),
(200054,'Caballo','Equus caballus','Macho','Mammalia','Perissodactyla','Equidae','Herbívoro','Zonas esteparias',10,'No','Todo el mundo'),
(200055,'Caballo','Equus caballus','Hembra','Mammalia','Perissodactyla','Equidae','Herbívoro','Zonas esteparias',9,'No','Todo el mundo'),
(200056,'Caballo','Equus caballus','Hembra','Mammalia','Perissodactyla','Equidae','Herbívoro','Zonas esteparias',10,'No','Todo el mundo'),
(200057,'Caballo','Equus caballus','Hembra','Mammalia','Perissodactyla','Equidae','Herbívoro','Zonas esteparias',9,'No','Todo el mundo'),
(200058,'Caballo','Equus caballus','Hembra','Mammalia','Perissodactyla','Equidae','Herbívoro','Zonas esteparias',11,'No','Todo el mundo'),
(200059,'Caballo','Equus caballus','Hembra','Mammalia','Perissodactyla','Equidae','Herbívoro','Zonas esteparias',11,'No','Todo el mundo'),
(200060,'Jaguar','Panthera onca','Macho','Mammalia','Carnívoro','Felidae','Carne','Selvas',6,'Si','America del Sur'),
(200061,'Jaguar','Panthera onca','Macho','Mammalia','Carnívoro','Felidae','Carne','Selvas',6,'Si','America del Sur'),
(200062,'Jaguar','Panthera onca','Hembra','Mammalia','Carnívoro','Felidae','Carne','Selvas',11,'Si','America del Sur'),
(200063,'Jaguar','Panthera onca','Hembra','Mammalia','Carnívoro','Felidae','Carne','Selvas',14,'Si','America del Sur'),
(200064,'Jaguar','Panthera onca','Hembra','Mammalia','Carnívoro','Felidae','Carne','Selvas',5,'Si','America del Sur'),
(200065,'Oso negro','Ursus americanus','Macho','Mammalia','Carnívoro','Ursidae','Omnívoro','Bosques',14,'No','America del Sur'),
(200066,'Oso negro','Ursus americanus','Hembra','Mammalia','Carnívoro','Ursidae','Omnívoro','Bosques',15,'No','America del Sur'),
(200067,'Mono ardilla','Saimiri sciureus','Macho','Mammalia','Primate','Cebidae','Omnívoro','Bosques',6,'Si','America del Sur'),
(200068,'Mono ardilla','Saimiri sciureus','Macho','Mammalia','Primate','Cebidae','Omnívoro','Bosques',8,'Si','America del Sur'),
(200069,'Mono ardilla','Saimiri sciureus','Macho','Mammalia','Primate','Cebidae','Omnívoro','Bosques',13,'Si','America del Sur'),
(200070,'Mono ardilla','Saimiri sciureus','Macho','Mammalia','Primate','Cebidae','Omnívoro','Bosques',13,'Si','America del Sur'),
(200071,'Mono ardilla','Saimiri sciureus','Macho','Mammalia','Primate','Cebidae','Omnívoro','Bosques',12,'Si','America del Sur'),
(200072,'Mono ardilla','Saimiri sciureus','Macho','Mammalia','Primate','Cebidae','Omnívoro','Bosques',10,'Si','America del Sur'),
(200073,'Mono ardilla','Saimiri sciureus','Hembra','Mammalia','Primate','Cebidae','Omnívoro','Bosques',8,'Si','America del Sur'),
(200074,'Mono ardilla','Saimiri sciureus','Hembra','Mammalia','Primate','Cebidae','Omnívoro','Bosques',6,'Si','America del Sur'),
(200075,'Mono ardilla','Saimiri sciureus','Hembra','Mammalia','Primate','Cebidae','Omnívoro','Bosques',11,'Si','America del Sur'),
(200076,'Mono ardilla','Saimiri sciureus','Hembra','Mammalia','Primate','Cebidae','Omnívoro','Bosques',9,'Si','America del Sur'),
(200077,'Mono ardilla','Saimiri sciureus','Hembra','Mammalia','Primate','Cebidae','Omnívoro','Bosques',12,'Si','America del Sur'),
(200078,'Mono ardilla','Saimiri sciureus','Hembra','Mammalia','Primate','Cebidae','Omnívoro','Bosques',15,'Si','America del Sur'),
(200079,'Mono ardilla','Saimiri sciureus','Hembra','Mammalia','Primate','Cebidae','Omnívoro','Bosques',15,'Si','America del Sur'),
(200080,'Mono ardilla','Saimiri sciureus','Hembra','Mammalia','Primate','Cebidae','Omnívoro','Bosques',10,'Si','America del Sur'),
(200081,'Rinoceronte blanco','Ceratotherium simum simum','Macho','Mammalia','Artiodactyla','Rinocerontidae','Herbívoro','Sabana',12,'Si','Africa'),
(200082,'Capibara','Hydrochaeris hydrochaeris','Macho','Mammalia','Rodentia','Caviidae','Herbívoro','Bosques',3,'Estable','America del Sur'),
(200083,'Capibara','Hydrochaeris hydrochaeris','Macho','Mammalia','Rodentia','Caviidae','Herbívoro','Bosques',1,'Estable','America del Sur'),
(200084,'Capibara','Hydrochaeris hydrochaeris','Hembra','Mammalia','Rodentia','Caviidae','Herbívoro','Bosques',4,'Estable','America del Sur'),
(200085,'Capibara','Hydrochaeris hydrochaeris','Hembra','Mammalia','Rodentia','Caviidae','Herbívoro','Bosques',5,'Estable','America del Sur'),
(200086,'Capibara','Hydrochaeris hydrochaeris','Hembra','Mammalia','Rodentia','Caviidae','Herbívoro','Bosques',3,'Estable','America del Sur'),
(200087,'Capibara','Hydrochaeris hydrochaeris','Hembra','Mammalia','Rodentia','Caviidae','Herbívoro','Bosques',4,'Estable','America del Sur'),
(200088,'Águila Real','Aquila chrysaetos','Macho','Aves','Falconiformes','Accipitridae','Carne','Praderas',6,'Si','America del Norte – Europa – Asia – Africa'),
(200089,'Águila Real','Aquila chrysaetos','Hembra','Aves','Falconiformes','Accipitridae','Carne','Praderas',8,'Si','America del Norte – Europa – Asia – Africa'),
(200090,'Boa constrictor','Boa constrictor','Hembra','Reptilia','Scuamata','Boidae','Carne','Bosques y pantanos',6,'Estable','Centro y Sur America'),
(200091,'Boa constrictor','Boa constrictor','Macho','Reptilia','Scuamata','Boidae','Carne','Bosques y pantanos',5,'Estable','Centro y Sur America'),
(200092,'Boa constrictor','Boa constrictor','Macho','Reptilia','Scuamata','Boidae','Carne','Bosques y pantanos',5,'Estable','Centro y Sur America'),
(200093,'Casuario','Casuarius casuarius','Macho','Aves','Casuariformes','Casuariidae','Herbívoro','Bosque tropical',5,'Si','Australia'),
(200094,'Casuario','Casuarius casuarius','Macho','Aves','Casuariformes','Casuariidae','Herbívoro','Bosque tropical',7,'Si','Australia'),
(200095,'Casuario','Casuarius casuarius','Hembra','Aves','Casuariformes','Casuariidae','Herbívoro','Bosque tropical',11,'Si','Australia'),
(200096,'Casuario','Casuarius casuarius','Hembra','Aves','Casuariformes','Casuariidae','Herbívoro','Bosque tropical',7,'Si','Australia'),
(200097,'Casuario','Casuarius casuarius','Hembra','Aves','Casuariformes','Casuariidae','Herbívoro','Bosque tropical',5,'Si','Australia'),
(200098,'Loro cabeza amarilla','Amazona oratrix tresmariae','Macho','Aves','Psittaciformes','Psittacidae','Herbívoro','Bosque tropical',5,'Si','Norte y Centro America'),
(200099,'Loro cabeza amarilla','Amazona oratrix tresmariae','Hembra','Aves','Psittaciformes','Psittacidae','Herbívoro','Bosque tropical',3,'Si','Norte y Centro America'),
(200100,'Loro cabeza amarilla','Amazona oratrix tresmariae','Hembra','Aves','Psittaciformes','Psittacidae','Herbívoro','Bosque tropical',6,'Si','Norte y Centro America'),
(200101,'Mono Araña','Arteles geoffroyii','Macho','Mammalia','Primate','Cebidae','Omnívoro','Bosque tropical',8,'Si','Centro y Sur America'),
(200102,'Mono Araña','Arteles geoffroyii','Macho','Mammalia','Primate','Cebidae','Omnívoro','Bosque tropical',8,'Si','Centro y Sur America'),
(200103,'Mono Araña','Arteles geoffroyii','Macho','Mammalia','Primate','Cebidae','Omnívoro','Bosque tropical',8,'Si','Centro y Sur America'),
(200104,'Mono Araña','Arteles geoffroyii','Macho','Mammalia','Primate','Cebidae','Omnívoro','Bosque tropical',10,'Si','Centro y Sur America'),
(200105,'Mono Araña','Arteles geoffroyii','Macho','Mammalia','Primate','Cebidae','Omnívoro','Bosque tropical',4,'Si','Centro y Sur America'),
(200106,'Mono Araña','Arteles geoffroyii','Hembra','Mammalia','Primate','Cebidae','Omnívoro','Bosque tropical',5,'Si','Centro y Sur America'),
(200107,'Mono Araña','Arteles geoffroyii','Hembra','Mammalia','Primate','Cebidae','Omnívoro','Bosque tropical',7,'Si','Centro y Sur America'),
(200108,'Mono Araña','Arteles geoffroyii','Hembra','Mammalia','Primate','Cebidae','Omnívoro','Bosque tropical',8,'Si','Centro y Sur America'),
(200109,'Mono Araña','Arteles geoffroyii','Hembra','Mammalia','Primate','Cebidae','Omnívoro','Bosque tropical',5,'Si','Centro y Sur America'),
(200110,'Mono Araña','Arteles geoffroyii','Hembra','Mammalia','Primate','Cebidae','Omnívoro','Bosque tropical',12,'Si','Centro y Sur America'),
(200111,'Mono Araña','Arteles geoffroyii','Hembra','Mammalia','Primate','Cebidae','Omnívoro','Bosque tropical',7,'Si','Centro y Sur America'),
(200112,'Mono Araña','Arteles geoffroyii','Hembra','Mammalia','Primate','Cebidae','Omnívoro','Bosque tropical',2,'Si','Centro y Sur America'),
(200113,'Mono Araña','Arteles geoffroyii','Hembra','Mammalia','Primate','Cebidae','Omnívoro','Bosque tropical',5,'Si','Centro y Sur America'),
(200114,'Mono Araña','Arteles geoffroyii','Hembra','Mammalia','Primate','Cebidae','Omnívoro','Bosque tropical',7,'Si','Centro y Sur America'),
(200115,'Hipopótamo del Nilo','Hippopotamus amphibius','Macho','Mammalia','Artiodactyla','Hippopotamidae','Herbívoro','Lagos, ríos y pantanos',25,'Si','Africa'),
(200116,'Hipopótamo del Nilo','Hippopotamus amphibius','Macho','Mammalia','Artiodactyla','Hippopotamidae','Herbívoro','Lagos, ríos y pantanos',26,'Si','Africa'),
(200117,'Hipopótamo del Nilo','Hippopotamus amphibius','Hembra','Mammalia','Artiodactyla','Hippopotamidae','Herbívoro','Lagos, ríos y pantanos',27,'Si','Africa'),
(200118,'Hipopótamo del Nilo','Hippopotamus amphibius','Hembra','Mammalia','Artiodactyla','Hippopotamidae','Herbívoro','Lagos, ríos y pantanos',28,'Si','Africa'),
(200119,'Hipopótamo del Nilo','Hippopotamus amphibius','Hembra','Mammalia','Artiodactyla','Hippopotamidae','Herbívoro','Lagos, ríos y pantanos',29,'Si','Africa'),
(200120,'Capibara','Hydrochaeris hydrochaeris','Macho','Mammalia','Rodentia','Caviidae','Herbívoro','Bosques',5,'Estable','America del Sur'),
(200121,'Capibara','Hydrochaeris hydrochaeris','Macho','Mammalia','Rodentia','Caviidae','Herbívoro','Bosques',1,'Estable','America del Sur'),
(200122,'Capibara','Hydrochaeris hydrochaeris','Hembra','Mammalia','Rodentia','Caviidae','Herbívoro','Bosques',3,'Estable','America del Sur');

Insert into Anim_Habit (Idanimal,Idhabitat) values 
(200001,1000001),
(200002,1000001),
(200003,1000001),
(200004,1000001),
(200005,1000001),
(200006,1000001),
(200007,1000001),
(200008,1000002),
(200009,1000002),
(200010,1000002),
(200011,1000002),
(200012,1000002),
(200013,1000003),
(200014,1000003),
(200015,1000003),
(200016,1000003),
(200017,1000004),
(200018,1000004),
(200019,1000004),
(200020,1000004),
(200021,1000004),
(200023,1000004),
(200024,1000004),
(200025,1000004),
(200026,1000004),
(200027,1000004),
(200028,1000004),
(200029,1000004),
(200030,1000004),
(200031,1000004),
(200032,1000004),
(200033,1000004),
(200034,1000004),
(200035,1000004),
(200036,1000004),
(200037,1000005),
(200038,1000005),
(200039,1000005),
(200040,1000005),
(200041,1000005),
(200042,1000005),
(200043,1000006),
(200044,1000006),
(200045,1000006),
(200046,1000006),
(200047,1000006),
(200048,1000007),
(200049,1000007),
(200050,1000007),
(200051,1000007),
(200052,1000008),
(200053,1000008),
(200054,1000008),
(200055,1000008),
(200056,1000008),
(200057,1000008),
(200058,1000008),
(200059,1000008),
(200060,1000009),
(200061,1000009),
(200062,1000009),
(200063,1000009),
(200064,1000009),
(200065,1000010),
(200066,1000010),
(200067,1000011),
(200068,1000011),
(200069,1000011),
(200070,1000011),
(200071,1000011),
(200072,1000011),
(200073,1000011),
(200074,1000011),
(200075,1000011),
(200076,1000011),
(200077,1000011),
(200078,1000011),
(200079,1000011),
(200080,1000011),
(200081,1000012),
(200082,1000013),
(200083,1000013),
(200084,1000013),
(200085,1000013),
(200086,1000013),
(200087,1000013),
(200088,1000014),
(200089,1000014),
(200090,1000015),
(200091,1000015),
(200092,1000015),
(200093,1000016),
(200094,1000016),
(200095,1000016),
(200096,1000016),
(200097,1000016),
(200098,1000017),
(200099,1000017),
(200100,1000017),
(200101,1000018),
(200102,1000018),
(200103,1000018),
(200104,1000018),
(200105,1000018),
(200106,1000018),
(200107,1000018),
(200108,1000018),
(200109,1000018),
(200110,1000018),
(200111,1000018),
(200112,1000018),
(200113,1000018),
(200114,1000018),
(200115,1000019),
(200116,1000019),
(200117,1000019),
(200118,1000019),
(200119,1000019),
(200120,1000020),
(200121,1000020),
(200122,1000020);

Insert into Encargado (Idencargado,nombre,cargo) values
(3000001,'Juana Ayarco','Veterinario'),
(3000002,'Pedro González','Veterinario'),
(3000003,'María Pérez','Veterinario'),
(3000004,'Raúl Rojas','Veterinario'),
(3000005,'Andrés Martínez','Cuidador'),
(3000006,'Mauricio Godinez','Cuidador'),
(3000007,'José Sánchez','Cuidador'),
(3000008,'Víctor Céspedes','Cuidador'),
(3000009,'Alejandro Ramírez','Cuidador'),
(3000010,'Ramiro Mora','Cuidador'),
(3000011,'Laura Montero','Cuidador'),
(3000012,'Camilo Fonseca','Cuidador'),
(3000013,'Jairo Fallas','Cuidador'),
(3000014,'Ronald Acosta','Cuidador'),
(3000015,'Jose Saborio','Cuidador'),
(3000016,'Ramón Benavides','Cuidador'),
(3000017,'Ángel Zeledon','Portero'),
(3000018,'Julio Cerdas','Portero'),
(3000019,'Enrique Zamora','Portero'),
(3000020,'Paula Calderón','Seguridad'),
(3000021,'María Jose Carrillo','Seguridad'),
(3000022,'Juan de Jesús Monge','Seguridad'),
(3000023,'Francisco Fallas','Seguridad'),
(3000024,'Rosaura Aguilar','Seguridad'),
(3000025,'Ricardo Arias','Miscelaneo'),
(3000026,'Maria Castro','Miscelaneo'),
(3000027,'Alejandra Mena','Miscelaneo'),
(3000028,'Paúl Gómez','Miscelaneo'),
(3000029,'Rogelio Carranza','Miscelaneo'),
(3000030,'Amelia Rojas','Miscelaneo');

Insert into Encarg_Habit (Idhabitat,Idencargado) values
(1000001,3000005),
(1000002,3000005),
(1000003,3000006),
(1000004,3000006),
(1000005,3000007),
(1000006,3000007),
(1000007,3000008),
(1000008,3000008),
(1000009,3000009),
(1000010,3000009),
(1000011,3000010),
(1000012,3000010),
(1000013,3000011),
(1000014,3000012),
(1000015,3000012),
(1000016,3000013),
(1000017,3000013),
(1000018,3000014),
(1000019,3000015),
(1000020,3000016);

Insert into Habitat (Idhabitat,caracteristicas,tipo_animal) values
(1000001,'Piscina y cuevas','Osos'),
(1000002,'Tipo sabana, vegetación y agua. Cielo abierto','Leones'),
(1000003,'Tipo bosque. Cielo abierto','Tigres'),
(1000004,'Tipo selva, troncos y cuerdas','Chimpancé'),
(1000005,'Tipo sabana. Cielo abierto','Elefantes'),
(1000006,'Tipo sabana. Cielo abierto','Jirafas'),
(1000007,'Piscina y cuevas','Reptiles'),
(1000008,'Caballeriza','Caballos'),
(1000009,'Tipo selva, Cielo abierto','Jaguar'),
(1000010,'Tipo bosque grande. Cielo abierto','Oso negro'),
(1000011,'Tipo bosque mediano. Cielo abierto','Mono Ardilla'),
(1000012,'Tipo sabana grande, cielo abierto','Rinoceronte'),
(1000013,'Tipo bosque pequeño. Cielo abierto','Capibara'),
(1000014,'Jaula amplia','Aguila'),
(1000015,'Tipo bosque pequeño','Boa'),
(1000016,'Tipo bosque mediano','Casuario'),
(1000017,'Jaula amplia','Loro cabeza amarilla'),
(1000018,'Tipo bosque grande. Cielo abierto','Mono Araña'),
(1000019,'Piscina y zona verde. Cielo abierto','Hipopótamo'),
(1000020,'Tipo bosque grande. Cielo abierto','Capibara');


